{
	"block.sand.step": {
		"replace": true,
		"subtitle": "§bLucky Block sounds",
		"sounds": ["ow"]
	},
	"block.sand.break": {
		"replace": true,
		"subtitle": "§bLucky Block sounds",
		"sounds": [{
			"name": "ow",
			"volume": 0.3
		}]
	},
	"block.sand.place": {
		"replace": true,
		"subtitle": "§bLucky Block sounds",
		"sounds": [{
			"name": "ow",
			"volume": 0.3
		}]
	},
	"block.sand.fall": {
		"replace": true,
		"subtitle": "§bLucky Block sounds",
		"sounds": [{
			"name": "ow",
			"volume": 0.3
		}]
	}
}